{
  "prusti-tests/tests/verify/pass/rosetta/Knuth_shuffle.rs": [
    2.274905098999966,
    1.8992798750000475,
    2.030405330000008,
    1.8985151110000515,
    1.7837426890000643,
    1.8749915560000545,
    1.8458855949999133,
    1.8021106929999178,
    1.8615346190000537,
    1.729708235999965
  ],
  "prusti-tests/tests/verify/pass/demos/account.rs": [
    0.9190709590000097,
    0.7953528589999905,
    0.7916791499999363,
    0.7825252809999483,
    0.8115747219999321,
    0.8438027309999825,
    0.7673077009999361,
    0.7446966009999869,
    0.7244577259999687,
    0.8201432200000909
  ],
  "prusti-tests/tests/verify/pass/rosetta/Knights_tour.rs": [
    117.07076485000005,
    116.32024200899991,
    111.93512714500002,
    118.48972352399983,
    117.71469832100001,
    118.31503759499992,
    112.88482755099994,
    112.29933536299995,
    112.09183697100002,
    114.68269336299977
  ],
  "prusti-tests/tests/verify/pass/quick/fold-unfold.rs": [
    0.5916780560000916,
    0.5874573669998426,
    0.5581946779998361,
    0.5511764809998567,
    0.5492932209999708,
    0.5460837480000009,
    0.5475888750002014,
    0.5530309380001199,
    0.5519408449999901,
    0.5434438229999614
  ],
  "prusti-tests/tests/verify/pass/quick/moves.rs": [
    0.5971015869999974,
    0.5253325830003632,
    0.5585028039999997,
    0.5662073600001349,
    0.5561976909998521,
    0.533867509999709,
    0.5293304279998665,
    0.5336461920001057,
    0.5458088139998836,
    0.5781462340000871
  ],
  "prusti-tests/tests/verify/pass/quick/mut-borrows.rs": [
    0.8666752069998438,
    0.8605976960002408,
    0.828543298999648,
    0.8203890130002947,
    0.880391660999976,
    0.8245086789997913,
    0.8777664730000652,
    0.8288139199999023,
    0.8194744270003866,
    0.9487716970002111
  ],
  "prusti-tests/tests/verify/pass/quick/shared-borrows.rs": [
    0.6251321380000263,
    0.620947783000247,
    0.6299125440000353,
    0.6321870370002216,
    0.6324632600003497,
    0.6600640020001265,
    0.5808557810000821,
    0.5874865939999836,
    0.5887197649999507,
    0.6058718889999
  ],
  "prusti-tests/tests/verify/pass/quick/trait-contracts-refinement.rs": [
    0.8733991939998305,
    0.9557205270002669,
    0.8310714809999808,
    0.8230293139999958,
    0.785794523000277,
    0.7931123299999854,
    0.8758431969999947,
    0.8002015970000684,
    0.7947915640002066,
    0.829569212000024
  ],
  "prusti-tests/tests/verify/pass/quick/routes.rs": [
    2.6501502189998973,
    2.3498657680001998,
    2.1882428680000885,
    2.223895389000063,
    2.265957953999987,
    2.1718606779995753,
    2.1204151369997817,
    2.1446274770000855,
    2.3121524809998846,
    2.0251052570001775
  ],
  "prusti-tests/tests/verify/pass/quick/fibonacci.rs": [
    2.1483008099999097,
    2.1548788659997626,
    1.9811647970000195,
    2.0912061879998873,
    2.037386895000054,
    1.9547094370000195,
    2.052457244999914,
    2.136301108000225,
    2.047417680000308,
    2.0001806980003494
  ],
  "prusti-tests/tests/verify/pass/pure-fn/len-lookup.rs": [
    0.9283947560002161,
    1.0080392689997097,
    1.008219383999858,
    0.9372529639999811,
    0.9801753869996901,
    1.0530946379999477,
    0.9836241779999,
    0.9757637140000952,
    1.0695342250000976,
    0.9512574479999785
  ],
  "prusti-tests/tests/verify/pass/pure-fn/quantifiers.rs": [
    0.8457264449998547,
    0.8448091330001262,
    0.9421830260002935,
    0.8290076819998831,
    0.8256257000002734,
    0.8269803120001598,
    0.8389142080000056,
    0.9259502720001365,
    0.8599807669997972,
    0.8365798139998333
  ],
  "prusti-tests/tests/verify/pass/pure-fn/recursive-pure-fn.rs": [
    0.6375314599999911,
    0.6505005449998862,
    0.7262732110002617,
    0.6407142240000212,
    0.6301884389999941,
    0.6320277929999065,
    0.6300762300002134,
    0.6249267970001711,
    0.6295611860000463,
    0.7184313519996977
  ],
  "prusti-tests/tests/verify/pass/pure-fn/ref-mut-arg.rs": [
    0.8435663639997983,
    0.8585383220001859,
    0.830564527000206,
    0.8311166690000391,
    0.9282102029997077,
    0.830039281000154,
    0.8510998230003679,
    0.8385371839999607,
    0.9214666450002369,
    0.8261857610000334
  ],
  "prusti-tests/tests/verify/pass/rosetta/Ackermann_function.rs": [
    0.9602930580003886,
    0.9305310930003543,
    0.8998007479999615,
    1.0479182500002935,
    0.9306592529997033,
    0.917167213999619,
    0.9286059790001673,
    1.0546243159997175,
    0.9212591599998632,
    0.909357855000053
  ],
  "prusti-tests/tests/verify/pass/rosetta/Heapsort.rs": [
    6.7562976340000205,
    6.099210711000069,
    6.388403375000053,
    6.3296783089999735,
    6.603576897000039,
    6.25228015499988,
    6.278648950999923,
    6.254030832999888,
    6.743015882999771,
    6.133527674000106
  ]
}