{
  "prusti-tests/tests/verify/pass/rosetta/Knuth_shuffle.rs": [
    1.8353982170000336,
    1.5099001090000002,
    1.5504054709999764,
    1.5392374159999918,
    1.5378378289999546,
    1.50594579899996,
    1.4601160639999762,
    1.3591093620000265,
    1.4481077970000342,
    1.4277394240000376
  ],
  "prusti-tests/tests/verify/pass/demos/account.rs": [
    0.8354106250000086,
    0.8166116639999927,
    0.7557626160000837,
    0.8096487669999988,
    0.765980258999889,
    0.8002732370000558,
    0.7002192439999817,
    0.7341009149999991,
    0.7604032810000945,
    0.7316667820000475
  ],
  "prusti-tests/tests/verify/pass/rosetta/Knights_tour.rs": [
    90.01897460999999,
    83.93574234899995,
    83.39665471299998,
    82.8523123739999,
    83.772690453,
    84.30825634899998,
    85.22396348899997,
    83.38997934000008,
    86.38421070699997,
    84.10823412200011
  ],
  "prusti-tests/tests/verify/pass/quick/fold-unfold.rs": [
    0.49863058800019644,
    0.522320714999978,
    0.5635595849998936,
    0.4748463579999225,
    0.4737087410001095,
    0.51270027999999,
    0.496236553000017,
    0.5312587360001544,
    0.5154549180001595,
    0.49815677999981745
  ],
  "prusti-tests/tests/verify/pass/quick/moves.rs": [
    0.5004941119998421,
    0.5193769720001455,
    0.4811444439999377,
    0.4776404960000491,
    0.4862432150000586,
    0.476634482999998,
    0.5109749569999167,
    0.4866517200000544,
    0.5031488479999098,
    0.4887242489999153
  ],
  "prusti-tests/tests/verify/pass/quick/mut-borrows.rs": [
    0.7502068609999242,
    0.7681458090000888,
    0.768418112000063,
    0.7367437749999226,
    0.7084062840001479,
    0.7357857619999777,
    0.7257965240000885,
    0.6988268509999216,
    0.7556823359998361,
    0.824882192999894
  ],
  "prusti-tests/tests/verify/pass/quick/shared-borrows.rs": [
    0.5222617130000344,
    0.5299867189999077,
    0.5851834810000582,
    0.5033133509998606,
    0.5398596549998729,
    0.5128763820000586,
    0.5659097160000783,
    0.5111069580000276,
    0.5242270389999248,
    0.5717580959999395
  ],
  "prusti-tests/tests/verify/pass/quick/trait-contracts-refinement.rs": [
    0.7623351279999042,
    0.6956694079999579,
    0.7400929210000413,
    0.7079568780000045,
    0.69295067500002,
    0.7459767069999543,
    0.6695526510000036,
    0.6842886550000458,
    0.7602251040000283,
    0.720796658999916
  ],
  "prusti-tests/tests/verify/pass/quick/routes.rs": [
    2.3379948050001076,
    2.07624930399993,
    1.9909725509999134,
    1.9676450289998684,
    2.0323841239999183,
    1.8726423980001528,
    1.949420327000098,
    1.9783449259998633,
    1.8140273559999969,
    1.9702913309999985
  ],
  "prusti-tests/tests/verify/pass/quick/fibonacci.rs": [
    1.920727025999895,
    1.7240190990000883,
    1.958294947000013,
    2.011824888999854,
    1.9625556630001029,
    2.1063184399999955,
    1.8084398329999658,
    1.8259416749999673,
    1.853217825999991,
    1.8982972969999992
  ],
  "prusti-tests/tests/verify/pass/pure-fn/len-lookup.rs": [
    0.8753159709999636,
    0.9306162410000525,
    0.8827113740001096,
    0.8485688000000664,
    0.9017541400000937,
    0.891415699999925,
    0.9478375870000946,
    0.8721785340001134,
    0.8986829020000187,
    0.8351293190000888
  ],
  "prusti-tests/tests/verify/pass/pure-fn/quantifiers.rs": [
    0.8083506450000186,
    0.780417757000123,
    0.832823886000142,
    0.8019612560001406,
    0.746375991999912,
    0.8190438279998489,
    0.7829532229998222,
    0.7959392049999678,
    0.778735265000023,
    0.8505438660001801
  ],
  "prusti-tests/tests/verify/pass/pure-fn/recursive-pure-fn.rs": [
    0.6108273219999774,
    0.5998408689999906,
    0.6055739490000178,
    0.6385716099998717,
    0.625595328999907,
    0.618868035000105,
    0.669187053000087,
    0.6028705270000501,
    0.6056437659999574,
    0.6332794570000715
  ],
  "prusti-tests/tests/verify/pass/pure-fn/ref-mut-arg.rs": [
    0.7079958140000144,
    0.7499568069999896,
    0.803193360000023,
    0.7219151110000439,
    0.8049577849999423,
    0.7517037320001236,
    0.7972741770001903,
    0.8182299659999899,
    0.7333023409998987,
    0.8115299329999743
  ],
  "prusti-tests/tests/verify/pass/rosetta/Ackermann_function.rs": [
    0.8472414320001462,
    0.7699951530000817,
    0.7727131909998661,
    0.8516938939999363,
    0.7889305169999261,
    0.7839650480000273,
    0.8222205829999893,
    0.8322175920000063,
    0.8115353929999856,
    0.8987844069999937
  ],
  "prusti-tests/tests/verify/pass/rosetta/Heapsort.rs": [
    4.823361521999914,
    4.460141320000048,
    4.36656221699991,
    4.473826665999923,
    4.404697559999931,
    4.5138030339999204,
    4.447964065000178,
    4.348922641000172,
    4.4901207620000605,
    4.500038373000052
  ]
}