{
  "prusti-tests/tests/verify/pass/rosetta/Knuth_shuffle.rs": [
    2.108680343999822,
    1.8308439439999802,
    1.6877809519999118,
    1.7383627559997876,
    1.71894251599997,
    1.5937470600001689,
    1.6489356490001228,
    1.6667912749999232,
    1.615210450000177,
    1.5934005399999478
  ],
  "prusti-tests/tests/verify/pass/demos/account.rs": [
    0.8606658999999581,
    0.8802420100000745,
    0.8217746479999732,
    0.8587687080000705,
    0.8003928740001811,
    0.843915399000025,
    0.7936099700000341,
    0.8406273979999241,
    0.7577875480001239,
    0.8773799190000773
  ],
  "prusti-tests/tests/verify/pass/rosetta/Knights_tour.rs": [
    104.44084451499998,
    102.85137453900006,
    101.98082771400004,
    98.80338900399988,
    100.93100434000007,
    102.45413169699987,
    101.77935724999998,
    104.28079618800007,
    99.00773907599978,
    103.12429543000007
  ],
  "prusti-tests/tests/verify/pass/quick/fold-unfold.rs": [
    0.5970519729999069,
    0.56874568000012,
    0.5773332769999797,
    0.5700409790001686,
    0.6018053729999338,
    0.5980368730001828,
    0.562382179999986,
    0.5592266819999168,
    0.5600210809998316,
    0.586956574999931
  ],
  "prusti-tests/tests/verify/pass/quick/moves.rs": [
    0.5881771750000553,
    0.5899285750001582,
    0.589230563000001,
    0.5328226339997855,
    0.5698451230000501,
    0.5543227269999988,
    0.5751400209996973,
    0.5517578279996087,
    0.5739078219999101,
    0.5831958180001493
  ],
  "prusti-tests/tests/verify/pass/quick/mut-borrows.rs": [
    0.9642219000002115,
    1.003023987999768,
    0.8717559279998568,
    0.9196669140001177,
    0.9106807070002105,
    0.8419368439999744,
    0.8890045349999127,
    0.8187927480003054,
    0.9990975150003578,
    0.8887769349998962
  ],
  "prusti-tests/tests/verify/pass/quick/shared-borrows.rs": [
    0.608890386999974,
    0.640205681000225,
    0.6177115850000519,
    0.5897617900000114,
    0.6478707840001334,
    0.6093248960000892,
    0.6153045949999978,
    0.5860599000002367,
    0.6403919909998876,
    0.6129150960000516
  ],
  "prusti-tests/tests/verify/pass/quick/trait-contracts-refinement.rs": [
    0.9473129379998682,
    0.9513829379998242,
    0.8489833550002004,
    0.929602741999588,
    0.8138405610002337,
    0.8405464800002846,
    0.8591439120000359,
    0.8081077819997518,
    0.8878950729999815,
    0.8385516409998672
  ],
  "prusti-tests/tests/verify/pass/quick/routes.rs": [
    2.722188935000304,
    2.5982641119999244,
    2.577890801999729,
    2.399973822999982,
    2.926986966000186,
    3.0022324149999804,
    2.4340233040002204,
    2.4647298689997115,
    2.389574446000097,
    2.3287014469997303
  ],
  "prusti-tests/tests/verify/pass/quick/fibonacci.rs": [
    2.4219598899999255,
    2.2498503370002254,
    2.2796836419997817,
    2.206073230000129,
    2.081072899999981,
    2.153354694999962,
    2.157731294000314,
    2.0555144090003523,
    2.0381733879999047,
    2.213695752000149
  ],
  "prusti-tests/tests/verify/pass/pure-fn/len-lookup.rs": [
    1.0690435309998065,
    1.093427127999803,
    1.072177730999556,
    1.0166458400003648,
    1.0806318129998544,
    1.0814030110000203,
    1.0566300149998824,
    1.0972578089999843,
    1.066218612999819,
    1.0991874080000343
  ],
  "prusti-tests/tests/verify/pass/pure-fn/quantifiers.rs": [
    0.9471745349997036,
    0.9819598269996277,
    0.9496624299999894,
    0.9950912220001555,
    0.9377121329998772,
    0.9642764270001862,
    0.8898066410001775,
    0.9628168280000864,
    1.031036616000165,
    0.9460159310001472
  ],
  "prusti-tests/tests/verify/pass/pure-fn/recursive-pure-fn.rs": [
    0.7013047750001533,
    0.718784370999856,
    0.7836834600002476,
    0.6997443740001472,
    0.7310744699998395,
    0.7386144669999339,
    0.7199975710000217,
    0.773291662000247,
    0.7662530630000219,
    0.7308616689997507
  ],
  "prusti-tests/tests/verify/pass/pure-fn/ref-mut-arg.rs": [
    0.8972617389999868,
    0.8943409399998927,
    0.8698770440000771,
    0.8977603390003424,
    0.9066307379998761,
    0.9794622239996897,
    0.9170625359997757,
    0.9269844340001328,
    0.9708686260000832,
    0.9331887329999518
  ],
  "prusti-tests/tests/verify/pass/rosetta/Ackermann_function.rs": [
    1.0932004050000614,
    1.1774691890000213,
    1.0484303119997094,
    1.0712822089999463,
    0.9784440250000443,
    0.9699807270003475,
    1.0140155180001784,
    1.0388006129996938,
    1.0459355110001525,
    1.0427043109998522
  ],
  "prusti-tests/tests/verify/pass/rosetta/Heapsort.rs": [
    5.888995136000176,
    6.005384513000081,
    5.716222061999815,
    5.437346113999865,
    5.251900451999973,
    5.346966242000235,
    5.2179903549999835,
    5.663893751999694,
    5.1971093610000025,
    5.403830320999987
  ]
}