{
  "prusti-tests/tests/verify/pass/rosetta/Knuth_shuffle.rs": [
    2.4262611529999276,
    2.051244354000005,
    2.1393425469999556,
    2.0725799100000586,
    2.078936123999938,
    2.0818465260000494,
    1.8989453919999733,
    2.0134794770000326,
    1.949233450999941,
    2.0650266390000525
  ],
  "prusti-tests/tests/verify/pass/demos/account.rs": [
    0.8075378510000064,
    0.7586625830000457,
    0.8381561529999999,
    0.800671024000053,
    0.8624612320001006,
    0.7312537849999217,
    0.7580499759999384,
    0.805354035999926,
    0.7215440500000341,
    0.7610161830000379
  ]
}